k,n,xi,q0,replication_factor,row_scale,coordinate,coordinate_type,E_S,E_bar_S,posterior_variance,ratio_S_bar_S,ratio_S_bar_S_log_se,ratio_S_bar_S_lower_95,ratio_S_bar_S_upper_95,ratio_S_posterior_variance,ratio_S_posterior_variance_log_se,ratio_S_posterior_variance_lower_95,ratio_S_posterior_variance_upper_95,acceptance_S,acceptance_bar_S_envelope,maximum_log_envelope_error,coordinate_role,path,simulation_seed
16,128,8,8,8,1.3228756555322954,1,large likelihood curvature,0.0036869489907746,0.0140877063127516,0.1311698760877066,0.2617139304953709,0.0144028909276893,0.2544291409542616,0.2692072973969949,0.0281081990830687,0.0128269417417448,0.0274103453672608,0.0288238198062654,0.64277,0.4842568110720477,-3.7795917187546255e-10,j = 1,k,8172028
16,128,8,8,8,1.3228756555322954,16,prior-scale curvature,0.0041727685642156,0.0172575714712246,1.0005978486520162,0.2417934974902695,0.0160020014311771,0.2343275968700351,0.2494972688214902,0.0041702753707067,0.0135852767640795,0.0040606981920481,0.0042828094689674,0.64277,0.4842568110720477,-3.7795917187546255e-10,j = k,k,8172028
32,128,8,8,8,1.3228756555322954,1,large likelihood curvature,0.0024556709176393,0.0114516104234502,0.1305195925287149,0.2144389152996932,0.0145337975454772,0.2084165408611933,0.2206353114052242,0.0188145769540239,0.0128476789163401,0.0183467140681638,0.0192943708962658,0.70136,0.61752028554138,-2.4750051292313588e-11,j = 1,k,8172028
32,128,8,8,8,1.3228756555322954,32,prior-scale curvature,0.0027221331402706,0.0129960308084244,0.998351764392081,0.2094588094163382,0.0165272095965866,0.2027824593171534,0.2163549697042197,0.0027266272644174,0.0143506578766376,0.0026510031663414,0.0028044086606372,0.70136,0.61752028554138,-2.4750051292313588e-11,j = k,k,8172028
64,128,8,8,8,1.3228756555322954,1,large likelihood curvature,0.0014599861306933,0.0080767498890647,0.13123927668516,0.180764063608069,0.0145311044255322,0.1756883523730851,0.1859864142997554,0.0111246127498538,0.012840095867208,0.0108481377633887,0.0114081339611926,0.74767,0.741306330014752,-1.8250810251156264e-14,j = 1,k,8172028
64,128,8,8,8,1.3228756555322954,64,prior-scale curvature,0.001565018683242,0.0091921008903414,1.0021782215176438,0.1702569088298971,0.015847940484778,0.1650496869096155,0.1756284155824299,0.0015616171351958,0.0135941718689716,0.0015205579389409,0.0016037850413222,0.74767,0.741306330014752,-1.8250810251156264e-14,j = k,k,8172028
128,128,8,8,8,1.3228756555322954,1,large likelihood curvature,0.0008541993488872,0.0052855838642226,0.1310380569959695,0.1616092698233678,0.015475184384472,0.1567810342898572,0.1665861959078282,0.0065187119564316,0.0137173231772087,0.0063457852368419,0.0066963510400916,0.77127,0.8406610958858046,-4.99195299809035e-13,j = 1,k,8172028
128,128,8,8,8,1.3228756555322954,128,prior-scale curvature,0.0008561159450226,0.0056459098431835,1.0007200505704563,0.1516347176631282,0.0150723558757336,0.1472206729698993,0.156181106477334,0.0008554999418015,0.012965406056535,0.0008340337168612,0.0008775186609681,0.77127,0.8406610958858046,-4.99195299809035e-13,j = k,k,8172028
256,128,8,8,8,1.3228756555322954,1,large likelihood curvature,0.0004677305091188,0.0030750588312532,0.1307686329501697,0.1521045725581094,0.0147323876050679,0.147775285980066,0.1565606917262609,0.0035767790682422,0.0128893382161223,0.0034875503730423,0.003668290672417,0.7891,0.911601958121006,-3.019197121134985e-12,j = 1,k,8172028
256,128,8,8,8,1.3228756555322954,256,prior-scale curvature,0.0004724922197075,0.0032242650850768,0.9966202231845692,0.1465426096304489,0.0155597180142928,0.1421409526512389,0.1510805720431124,0.0004740945534877,0.0135951959828117,0.0004616283811544,0.0004868973720476,0.7891,0.911601958121006,-3.019197121134985e-12,j = k,k,8172028
512,128,8,8,8,1.3228756555322954,1,large likelihood curvature,0.0002352414860828,0.001721910469132,0.1308860012291127,0.1366165606748735,0.0153910293249753,0.1325568695002466,0.1408005840889043,0.0017973005812218,0.0133291408858598,0.0017509539365619,0.0018448739922896,0.7964,0.9521905142780968,-4.9773340316763816e-12,j = 1,k,8172028
512,128,8,8,8,1.3228756555322954,512,prior-scale curvature,0.0002397035177962,0.001782009126338,1.0050904407273895,0.1345130696882956,0.0152790541730075,0.130544533385481,0.1386022489623502,0.0002384895011267,0.013110045243238,0.0002324394126347,0.0002446970653682,0.7964,0.9521905142780968,-4.9773340316763816e-12,j = k,k,8172028
1024,128,8,8,8,1.3228756555322954,1,large likelihood curvature,0.0001218708077903,0.0009007792858583,0.1301612941807132,0.1352948604653996,0.0152857160980377,0.1313015445410729,0.1394096263858191,0.0009363060544029,0.0134196563171672,0.0009119998976504,0.000961260006465,0.80054,0.9752101577890036,-6.788158004345228e-13,j = 1,k,8172028
1024,128,8,8,8,1.3228756555322954,1024,prior-scale curvature,0.0001203827361134,0.0009291003169405,0.9992695995609722,0.1295691476135726,0.0157852794788432,0.1256217677666902,0.1336405649416383,0.000120470727986,0.0136447336248425,0.0001172915979352,0.0001237360267656,0.80054,0.9752101577890036,-6.788158004345228e-13,j = k,k,8172028
2048,128,8,8,8,1.3228756555322954,1,large likelihood curvature,6.16555200838269e-05,0.0004790938909353,0.1300667053775299,0.1286919354439151,0.0154970787434448,0.1248417801356621,0.1326608306153898,0.0004740299979527,0.0135621607557659,0.000461595409982,0.0004867995523781,0.80251,0.986845351464972,-8.04208866710481e-13,j = 1,k,8172028
2048,128,8,8,8,1.3228756555322954,2048,prior-scale curvature,6.102865522244148e-05,0.0004725142827037,1.0056575535121728,0.1291572709151526,0.0152121954047332,0.1253631735456718,0.1330661960641316,6.068532475026245e-05,0.0131783417267996,5.9137920540755445e-05,6.22732183744412e-05,0.80251,0.986845351464972,-8.04208866710481e-13,j = k,k,8172028
4096,128,8,8,8,1.3228756555322954,1,large likelihood curvature,3.079901717816697e-05,0.0002420835284548,0.1316073105116341,0.1272247532690398,0.0156349192060065,0.1233851534089283,0.131183836929904,0.0002340220847795,0.0135327031137728,0.0002278964575384,0.0002403123627112,0.80524,0.9934037987761264,-2.3098578168727574e-12,j = 1,k,8172028
4096,128,8,8,8,1.3228756555322954,4096,prior-scale curvature,3.053364436005151e-05,0.0002420212897507,0.999465613010074,0.1261609852236706,0.0153727266665843,0.1224163828183437,0.1300201315066317,3.054996986649109e-05,0.0133308287191045,2.97620852073265e-05,3.135871201033199e-05,0.80524,0.9934037987761264,-2.3098578168727574e-12,j = k,k,8172028
16,128,16,8,8,1.9364916731037085,1,large likelihood curvature,0.0021311837777367,0.0075892392917051,0.0662942534537638,0.2808165213694167,0.0152436835125793,0.2725504916837961,0.2893332467934359,0.0321473380678933,0.0136928823514567,0.0312960408953966,0.033021791743742,0.60144,0.3552145495879511,-2.936254802944127e-11,j = 1,xi,8172030
16,128,16,8,8,1.9364916731037085,16,prior-scale curvature,0.002479529196796,0.0096405692905274,1.001858614799234,0.2571973834815304,0.0183101376194802,0.2481307808952941,0.2665952762130688,0.0024749292566525,0.0158268184772093,0.002399334118485,0.0025529061493537,0.60144,0.3552145495879511,-2.936254802944127e-11,j = k,xi,8172030
16,128,32,8,8,2.7838821814150108,1,large likelihood curvature,0.0011333470751003,0.003961550067639,0.0331420197437028,0.2860867730433064,0.0161159744558092,0.2771912932301015,0.2952677220001667,0.0341966809465699,0.0146441504441819,0.0332291019307141,0.0351924343366197,0.55855,0.2552283528072566,-7.025990523206761e-12,j = 1,xi,8172030
16,128,32,8,8,2.7838821814150108,16,prior-scale curvature,0.0013338694786148,0.0050881851406617,1.002134394071806,0.2621503427529431,0.0188162424490174,0.2526583880051629,0.2719988944284773,0.0013310285391914,0.0162225504011347,0.001289372650078,0.0013740302092144,0.55855,0.2552283528072566,-7.025990523206761e-12,j = k,xi,8172030
16,128,64,8,8,3.968626966596886,1,large likelihood curvature,0.0005735407759767,0.0020063193684928,0.0165761339229421,0.2858671380955516,0.0168524002234728,0.2765789866940825,0.2954672067452824,0.0346003946784556,0.0155097460913455,0.0335644001706369,0.0356683660610217,0.51317,0.1818178512402704,-5.2006063139301137e-11,j = 1,xi,8172030
16,128,64,8,8,3.968626966596886,16,prior-scale curvature,0.0007134875164051,0.0026453099588116,0.9978035842875688,0.2697179262598255,0.0207461740463416,0.2589705100001446,0.280911366108288,0.00071505808121,0.0181901484328122,0.0006900134436333,0.0007410117356719,0.51317,0.1818178512402704,-5.2006063139301137e-11,j = k,xi,8172030
16,128,128,8,8,5.634713834792322,1,large likelihood curvature,0.0002796085958249,0.0010354785206401,0.0082804869185462,0.2700283880848816,0.0178635991033795,0.2607375746206554,0.2796502593759387,0.0337671683531961,0.0164821897460375,0.032693748688529,0.0348758311399497,0.47008,0.1297119486755761,-1.4617508880425203e-10,j = 1,xi,8172030
16,128,128,8,8,5.634713834792322,16,prior-scale curvature,0.000363366774676,0.0013607079654197,1.000041849085435,0.2670424396052603,0.0232421497943237,0.2551503507025494,0.2794887969151303,0.0003633515687451,0.0206407913635454,0.0003489452117293,0.0003783526985662,0.47008,0.1297119486755761,-1.4617508880425203e-10,j = k,xi,8172030
16,128,256,8,8,7.984359711335656,1,large likelihood curvature,0.0001322911210807,0.0005101905047947,0.0041478782852218,0.2592974973808822,0.0179150008784732,0.2503506760854787,0.2685640526292491,0.0318936844294817,0.0166187642914369,0.0308715556833879,0.0329496549159887,0.43281,0.0916744895564421,-5.940387101678782e-12,j = 1,xi,8172030
16,128,256,8,8,7.984359711335656,16,prior-scale curvature,0.0001738966183231,0.0006842358244602,0.9983274578839636,0.2541471991185873,0.0227838669938287,0.243047584204101,0.2657537166285194,0.000174187955014,0.02057298188271,0.0001673038922737,0.0001813552766741,0.43281,0.0916744895564421,-5.940387101678782e-12,j = k,xi,8172030
16,128,512,8,8,11.302654555457314,1,large likelihood curvature,6.156046354548199e-05,0.0002563696255185,0.0021004098188864,0.2401238579686431,0.0186800338155215,0.2314912321697008,0.2490784062330113,0.0293087867862463,0.0174414152132138,0.0283237928325936,0.0303280350890416,0.39695,0.0649713476356926,-3.222424127309914e-10,j = 1,xi,8172030
16,128,512,8,8,11.302654555457314,16,prior-scale curvature,8.488808602114758e-05,0.0003455723539479,1.0018837141421744,0.2456448991111446,0.0242202055085368,0.2342562005904884,0.2575872754156437,8.472848178177137e-05,0.0220308252609268,8.114773596848693e-05,8.846723250334225e-05,0.39695,0.0649713476356926,-3.222424127309914e-10,j = k,xi,8172030
16,128,1024,8,8,15.992185591719476,1,large likelihood curvature,2.9774200863313256e-05,0.0001286767828101,0.0010364442487756,0.2313875138394737,0.0187673079056219,0.2230308116169529,0.2400573318666208,0.0287272575427813,0.0174986339927555,0.0277586940323706,0.0297296164209643,0.3647,0.0461343135952286,-8.797261166948608e-13,j = 1,xi,8172030
16,128,1024,8,8,15.992185591719476,16,prior-scale curvature,3.884412164302969e-05,0.0001725483828,0.9984843526214876,0.2251201721666178,0.0242802229827777,0.2146577976089824,0.2360924805938983,3.890308500182802e-05,0.0222133084009196,3.724566152718407e-05,4.0634263444478e-05,0.3647,0.0461343135952286,-8.797261166948608e-13,j = k,xi,8172030
16,128,2048,8,8,22.62189205172724,1,large likelihood curvature,1.4328305358269372e-05,6.550871238737729e-05,0.0005228154551057,0.2187236603513299,0.0199420497692555,0.2103394576444285,0.2274420602450913,0.0274060478096816,0.0186995553548139,0.0264197697356376,0.0284291446921055,0.33992,0.0323944766121597,-1.1977954534076482e-10,j = 1,xi,8172030
16,128,2048,8,8,22.62189205172724,16,prior-scale curvature,1.8094373811434646e-05,8.880442670610572e-05,1.002792940994047,0.2037553135872072,0.0273844269537833,0.1931073697002994,0.2149903852942221,1.804397804545571e-05,0.0249401592741456,1.7183150655719323e-05,1.894793045980298e-05,0.33992,0.0323944766121597,-1.1977954534076482e-10,j = k,xi,8172030
16,128,4096,8,8,31.996093511552317,1,large likelihood curvature,6.411675322660516e-06,3.222015297618596e-05,0.0002607122143481,0.1989958063637798,0.0200095343381346,0.1913425091345667,0.206955219357564,0.0245929226549318,0.0188153090163104,0.0237025040557273,0.0255167911073646,0.31525,0.0229721770180827,-8.560123818618654e-11,j = 1,xi,8172030
16,128,4096,8,8,31.996093511552317,16,prior-scale curvature,9.037877862556236e-06,4.228920254868145e-05,0.9993541713184262,0.2137159680926162,0.0340678386390025,0.1999115298249543,0.2284736406037084,9.04371855538718e-06,0.0326328365632642,8.483389497046974e-06,9.641057426106e-06,0.31525,0.0229721770180827,-8.560123818618654e-11,j = k,xi,8172030
16,16,8,8,1,3.741657386773941,1,large likelihood curvature,0.0043124924266511,0.0178749927920247,0.1752971134335608,0.2412584148607425,0.0148284531911046,0.2343474519823809,0.2483731837011577,0.0246010464301545,0.0133426190654167,0.0239660308494439,0.0252528876917747,0.66956,0.5334784394688689,-4.952125460723026e-11,j = 1,n,8172030
16,16,8,8,1,3.741657386773941,16,prior-scale curvature,0.0048236413588324,0.0212424189377128,1.000346041883487,0.2270758981345972,0.016368283377107,0.2199065050975078,0.2344790277612317,0.0048219727542984,0.0139230617047935,0.0046921642121745,0.0049553724447382,0.66956,0.5334784394688689,-4.952125460723026e-11,j = k,n,8172030
16,32,8,8,2,2.6457513110645907,1,large likelihood curvature,0.0039973592184477,0.0156775997160409,0.1498177183445416,0.2549726546696946,0.0150907009182213,0.2475415703757568,0.2626268167024534,0.0266814850914688,0.0135549581718114,0.025981952557081,0.027399851690217,0.65477,0.5101233988501819,-1.885727438567456e-10,j = 1,n,8172030
16,32,8,8,2,2.6457513110645907,16,prior-scale curvature,0.0045165325878766,0.0190897130009133,0.9980891713064236,0.2365951016477058,0.0166643683057613,0.2289922330932303,0.2444503962756591,0.0045251794305762,0.0144356719746272,0.0043989387227742,0.0046550429931872,0.65477,0.5101233988501819,-1.885727438567456e-10,j = k,n,8172030
16,64,8,8,4,1.8708286933869709,1,large likelihood curvature,0.0038635245194395,0.0149165610206211,0.1375090796405864,0.2590090647635525,0.0147560349024485,0.2516253391417635,0.2666094593593162,0.0280965048238106,0.0133053406523508,0.0273732625445592,0.0288388562389806,0.64538,0.4929483735168415,-9.34471220298771e-10,j = 1,n,8172030
16,64,8,8,4,1.8708286933869709,16,prior-scale curvature,0.0042378761559612,0.0175753800246863,0.9933709296985228,0.241125719615094,0.0160994015198359,0.2336358317774513,0.2488557179674368,0.0042661568093677,0.0138285606284231,0.0041520799376364,0.0043833679012631,0.64538,0.4929483735168415,-9.34471220298771e-10,j = k,n,8172030
16,128,8,8,8,1.3228756555322954,1,large likelihood curvature,0.0037604564608376,0.0142328281531283,0.1314157874103856,0.2642100656580473,0.0145388122944576,0.2567873775834522,0.2718473137268727,0.0286149520916731,0.0129956923886578,0.0278952890841384,0.0293531814902157,0.64219,0.4842403963023403,-1.0966256268765278e-11,j = 1,n,8172030
16,128,8,8,8,1.3228756555322954,16,prior-scale curvature,0.0042162317177503,0.0173983592785367,1.0012731810493916,0.2423350185066954,0.0161498832218855,0.2347843355400561,0.2501285320400825,0.0042108705172063,0.0138286601535436,0.0040982711993898,0.0043265634825039,0.64219,0.4842403963023403,-1.0966256268765278e-11,j = k,n,8172030
16,256,8,8,16,0.9354143466934852,1,large likelihood curvature,0.0036900180260249,0.0138968304515043,0.1277191369553013,0.2655294701120483,0.0147400867874378,0.2579679269269984,0.2733126568789982,0.0288916611401494,0.0131457447663274,0.0281567567345118,0.0296457468915121,0.6375,0.4797221449336544,-9.487435530228078e-12,j = 1,n,8172030
16,256,8,8,16,0.9354143466934852,16,prior-scale curvature,0.0041663264060434,0.0169235876738057,1.0040711108558928,0.2461845848733372,0.0166403285946952,0.2382847901366022,0.2543462794856235,0.004149433601861,0.0142776961708022,0.0040349243736407,0.0042671925473334,0.6375,0.4797221449336544,-9.487435530228078e-12,j = k,n,8172030
16,512,8,8,32,0.6614378277661477,1,large likelihood curvature,0.0036760811400553,0.0138626192681277,0.1274213426329684,0.2651794057784823,0.0146667397493133,0.2576648707447139,0.2729130946169991,0.0288498069797,0.0129811082414103,0.0281250413374703,0.0295932494028757,0.63801,0.4797313504437515,-4.949423645666136e-12,j = 1,n,8172030
16,512,8,8,32,0.6614378277661477,16,prior-scale curvature,0.0041368529856509,0.0165624942459839,0.9967210331660404,0.2497723425114028,0.0162839701439484,0.2419263380384672,0.2578728037197581,0.004150462213595,0.0139083940117463,0.0040388469892861,0.0042651619712697,0.63801,0.4797313504437515,-4.949423645666136e-12,j = k,n,8172030
16,1024,8,8,64,0.4677071733467426,1,large likelihood curvature,0.0036671475349433,0.0138505358920666,0.1258757289297196,0.2647657508359539,0.014682394078948,0.2572550444249555,0.2724957365653356,0.0291330788399316,0.0130262121140638,0.028398686177465,0.0298864629648664,0.63896,0.4778104812507167,-3.996898981978943e-12,j = 1,n,8172030
16,1024,8,8,64,0.4677071733467426,16,prior-scale curvature,0.0041181817289127,0.0165894951935734,0.997985223651486,0.2482403280425401,0.0164199213820181,0.2403783873390623,0.2563594054724485,0.0041264956948409,0.0139774420237324,0.0040149815831942,0.004241107055339,0.63896,0.4778104812507167,-3.996898981978943e-12,j = k,n,8172030
16,2048,8,8,128,0.3307189138830738,1,large likelihood curvature,0.0036380130482137,0.013680929337952,0.1253423228573459,0.2659185614036884,0.0150682624007691,0.2581798170497243,0.2738892687548394,0.029024618064197,0.0134278714644773,0.0282706945703527,0.0297986472060705,0.63861,0.4744890938681774,-3.2612492595005065e-11,j = 1,n,8172030
16,2048,8,8,128,0.3307189138830738,16,prior-scale curvature,0.0040953745996284,0.0164034028372362,0.9996958172058084,0.2496661601415828,0.0166986643764337,0.2416270166916918,0.2579727729675923,0.0040966207211661,0.0143840942416325,0.0039827382880425,0.0042137595089975,0.63861,0.4744890938681774,-3.2612492595005065e-11,j = k,n,8172030
16,4096,8,8,256,0.2338535866733713,1,large likelihood curvature,0.0036371170595503,0.013477140970292,0.1246032900507714,0.2698730441098538,0.0146969245496472,0.2622099894777463,0.2777600505693177,0.0291895748344076,0.0130882120566159,0.0284503005218669,0.0299480590146529,0.63492,0.4774386371991539,-9.956405567336903e-10,j = 1,n,8172030
16,4096,8,8,256,0.2338535866733713,16,prior-scale curvature,0.0040232881498161,0.0164893945330883,1.001581926051628,0.2439924729645387,0.0161438378553134,0.2363929479582152,0.2518363063600108,0.0040169336578151,0.0135918339553209,0.0039113353809044,0.0041253828782018,0.63492,0.4774386371991539,-9.956405567336903e-10,j = k,n,8172030
